"","week","package","V1"
"1","2013-40","alm",49
"2","2013-41","alm",58
"3","2013-42","alm",52
"4","2013-43","alm",29
"5","2013-44","alm",55
"6","2013-45","alm",42
"7","2013-46","alm",41
"8","2013-47","alm",37
"9","2013-48","alm",43
"10","2013-49","alm",47
"11","2013-50","alm",31
"12","2013-51","alm",26
"13","2013-52","alm",4
"14","2014-00","alm",14
"15","2014-01","alm",84
"16","2014-02","alm",72
"17","2014-03","alm",32
"18","2014-04","alm",35
"19","2014-05","alm",50
"20","2014-06","alm",42
"21","2014-07","alm",44
"22","2014-08","alm",52
"23","2014-09","alm",51
"24","2014-10","alm",39
"25","2014-11","alm",5
"26","2014-06","AntWeb",9
"27","2014-07","AntWeb",69
"28","2014-08","AntWeb",65
"29","2014-09","AntWeb",68
"30","2014-10","AntWeb",64
"31","2014-11","AntWeb",10
"32","2012-40",NA,1
"33","2012-41",NA,3
"34","2012-42",NA,5
"35","2012-43",NA,1
"36","2012-44",NA,6
"37","2012-45",NA,14
"38","2012-46",NA,15
"39","2012-47",NA,13
"40","2012-48",NA,15
"41","2012-49",NA,25
"42","2012-50",NA,11
"43","2012-51",NA,22
"44","2012-52",NA,9
"45","2013-00",NA,14
"46","2013-01",NA,27
"47","2013-02",NA,23
"48","2013-03",NA,18
"49","2013-04",NA,28
"50","2013-05",NA,7
"51","2013-06",NA,25
"52","2013-07",NA,10
"53","2013-08",NA,18
"54","2013-09",NA,13
"55","2013-10",NA,21
"56","2013-11",NA,8
"57","2013-12",NA,19
"58","2013-13",NA,28
"59","2013-14",NA,18
"60","2013-15",NA,17
"61","2013-16",NA,16
"62","2013-17",NA,12
"63","2013-18",NA,18
"64","2013-19",NA,19
"65","2013-20",NA,17
"66","2013-21",NA,15
"67","2013-22",NA,21
"68","2013-23",NA,19
"69","2013-24",NA,14
"70","2013-25",NA,19
"71","2013-26",NA,25
"72","2013-27",NA,42
"73","2013-28",NA,35
"74","2013-29",NA,30
"75","2013-30",NA,41
"76","2013-31",NA,31
"77","2013-32",NA,50
"78","2013-33",NA,30
"79","2013-34",NA,52
"80","2013-35",NA,76
"81","2013-36",NA,62
"82","2013-37",NA,53
"83","2013-38",NA,55
"84","2013-39",NA,49
"85","2013-40",NA,46
"86","2013-41",NA,60
"87","2013-42",NA,36
"88","2013-43",NA,42
"89","2013-44",NA,37
"90","2013-45",NA,26
"91","2013-46",NA,28
"92","2013-47",NA,26
"93","2013-48",NA,28
"94","2013-49",NA,50
"95","2013-50",NA,31
"96","2013-51",NA,27
"97","2013-52",NA,5
"98","2014-00",NA,16
"99","2014-01",NA,53
"100","2014-02",NA,63
"101","2014-03",NA,60
"102","2014-04",NA,65
"103","2014-05",NA,55
"104","2014-06",NA,44
"105","2014-07",NA,76
"106","2014-08",NA,28
"107","2014-09",NA,41
"108","2014-10",NA,49
"109","2014-11",NA,9
"110","2013-04","dvn",5
"111","2013-05","dvn",18
"112","2013-06","dvn",24
"113","2013-07","dvn",17
"114","2013-08","dvn",21
"115","2013-09","dvn",26
"116","2013-10","dvn",30
"117","2013-11","dvn",23
"118","2013-12","dvn",9
"119","2013-13","dvn",41
"120","2013-14","dvn",23
"121","2013-15","dvn",34
"122","2013-16","dvn",32
"123","2013-17","dvn",13
"124","2013-18","dvn",20
"125","2013-19","dvn",17
"126","2013-20","dvn",26
"127","2013-21","dvn",36
"128","2013-22","dvn",32
"129","2013-23","dvn",19
"130","2013-24","dvn",21
"131","2013-25","dvn",20
"132","2013-26","dvn",39
"133","2013-27","dvn",33
"134","2013-28","dvn",38
"135","2013-29","dvn",36
"136","2013-30","dvn",23
"137","2013-31","dvn",22
"138","2013-32","dvn",45
"139","2013-33","dvn",14
"140","2013-34","dvn",36
"141","2013-35","dvn",28
"142","2013-36","dvn",36
"143","2013-37","dvn",41
"144","2013-38","dvn",42
"145","2013-39","dvn",33
"146","2013-40","dvn",47
"147","2013-41","dvn",82
"148","2013-42","dvn",66
"149","2013-43","dvn",43
"150","2013-44","dvn",58
"151","2013-45","dvn",48
"152","2013-46","dvn",35
"153","2013-47","dvn",28
"154","2013-48","dvn",72
"155","2013-49","dvn",57
"156","2013-50","dvn",42
"157","2013-51","dvn",24
"158","2013-52","dvn",4
"159","2014-00","dvn",14
"160","2014-01","dvn",83
"161","2014-02","dvn",68
"162","2014-03","dvn",29
"163","2014-04","dvn",29
"164","2014-05","dvn",43
"165","2014-06","dvn",33
"166","2014-07","dvn",54
"167","2014-08","dvn",44
"168","2014-09","dvn",48
"169","2014-10","dvn",39
"170","2014-11","dvn",6
"171","2014-02","ecoengine",5
"172","2014-03","ecoengine",34
"173","2014-04","ecoengine",41
"174","2014-05","ecoengine",48
"175","2014-06","ecoengine",36
"176","2014-07","ecoengine",48
"177","2014-08","ecoengine",44
"178","2014-09","ecoengine",69
"179","2014-10","ecoengine",63
"180","2014-11","ecoengine",11
"181","2012-42","geonames",2
"182","2012-44","geonames",11
"183","2012-45","geonames",10
"184","2012-46","geonames",15
"185","2012-47","geonames",22
"186","2012-48","geonames",22
"187","2012-49","geonames",20
"188","2012-50","geonames",27
"189","2012-51","geonames",19
"190","2012-52","geonames",8
"191","2013-00","geonames",16
"192","2013-01","geonames",36
"193","2013-02","geonames",36
"194","2013-03","geonames",32
"195","2013-04","geonames",32
"196","2013-05","geonames",32
"197","2013-06","geonames",42
"198","2013-07","geonames",39
"199","2013-08","geonames",36
"200","2013-09","geonames",44
"201","2013-10","geonames",73
"202","2013-11","geonames",36
"203","2013-12","geonames",15
"204","2013-13","geonames",55
"205","2013-14","geonames",52
"206","2013-15","geonames",47
"207","2013-16","geonames",51
"208","2013-17","geonames",27
"209","2013-18","geonames",31
"210","2013-19","geonames",32
"211","2013-20","geonames",48
"212","2013-21","geonames",54
"213","2013-22","geonames",52
"214","2013-23","geonames",50
"215","2013-24","geonames",38
"216","2013-25","geonames",46
"217","2013-26","geonames",34
"218","2013-27","geonames",34
"219","2013-28","geonames",45
"220","2013-29","geonames",48
"221","2013-30","geonames",32
"222","2013-31","geonames",59
"223","2013-32","geonames",83
"224","2013-33","geonames",34
"225","2013-34","geonames",43
"226","2013-35","geonames",52
"227","2013-36","geonames",66
"228","2013-37","geonames",63
"229","2013-38","geonames",69
"230","2013-39","geonames",65
"231","2013-40","geonames",61
"232","2013-41","geonames",66
"233","2013-42","geonames",59
"234","2013-43","geonames",64
"235","2013-44","geonames",55
"236","2013-45","geonames",54
"237","2013-46","geonames",55
"238","2013-47","geonames",55
"239","2013-48","geonames",63
"240","2013-49","geonames",66
"241","2013-50","geonames",51
"242","2013-51","geonames",35
"243","2013-52","geonames",8
"244","2014-00","geonames",12
"245","2014-01","geonames",108
"246","2014-02","geonames",94
"247","2014-03","geonames",62
"248","2014-04","geonames",68
"249","2014-05","geonames",74
"250","2014-06","geonames",64
"251","2014-07","geonames",76
"252","2014-08","geonames",67
"253","2014-09","geonames",68
"254","2014-10","geonames",59
"255","2014-11","geonames",7
"256","2012-45","rAltmetric",1
"257","2012-46","rAltmetric",10
"258","2012-47","rAltmetric",12
"259","2012-48","rAltmetric",15
"260","2012-49","rAltmetric",11
"261","2012-50","rAltmetric",16
"262","2012-51","rAltmetric",8
"263","2012-52","rAltmetric",6
"264","2013-00","rAltmetric",9
"265","2013-01","rAltmetric",17
"266","2013-02","rAltmetric",14
"267","2013-03","rAltmetric",19
"268","2013-04","rAltmetric",19
"269","2013-05","rAltmetric",13
"270","2013-06","rAltmetric",24
"271","2013-07","rAltmetric",15
"272","2013-08","rAltmetric",19
"273","2013-09","rAltmetric",23
"274","2013-10","rAltmetric",26
"275","2013-11","rAltmetric",18
"276","2013-12","rAltmetric",7
"277","2013-13","rAltmetric",34
"278","2013-14","rAltmetric",20
"279","2013-15","rAltmetric",30
"280","2013-16","rAltmetric",24
"281","2013-17","rAltmetric",16
"282","2013-18","rAltmetric",16
"283","2013-19","rAltmetric",15
"284","2013-20","rAltmetric",27
"285","2013-21","rAltmetric",27
"286","2013-22","rAltmetric",27
"287","2013-23","rAltmetric",16
"288","2013-24","rAltmetric",18
"289","2013-25","rAltmetric",24
"290","2013-26","rAltmetric",14
"291","2013-27","rAltmetric",23
"292","2013-28","rAltmetric",19
"293","2013-29","rAltmetric",37
"294","2013-30","rAltmetric",20
"295","2013-31","rAltmetric",22
"296","2013-32","rAltmetric",40
"297","2013-33","rAltmetric",16
"298","2013-34","rAltmetric",26
"299","2013-35","rAltmetric",24
"300","2013-36","rAltmetric",31
"301","2013-37","rAltmetric",33
"302","2013-38","rAltmetric",32
"303","2013-39","rAltmetric",27
"304","2013-40","rAltmetric",36
"305","2013-41","rAltmetric",37
"306","2013-42","rAltmetric",40
"307","2013-43","rAltmetric",24
"308","2013-44","rAltmetric",39
"309","2013-45","rAltmetric",27
"310","2013-46","rAltmetric",24
"311","2013-47","rAltmetric",23
"312","2013-48","rAltmetric",31
"313","2013-49","rAltmetric",39
"314","2013-50","rAltmetric",21
"315","2013-51","rAltmetric",21
"316","2013-52","rAltmetric",2
"317","2014-00","rAltmetric",9
"318","2014-01","rAltmetric",73
"319","2014-02","rAltmetric",59
"320","2014-03","rAltmetric",23
"321","2014-04","rAltmetric",21
"322","2014-05","rAltmetric",38
"323","2014-06","rAltmetric",30
"324","2014-07","rAltmetric",32
"325","2014-08","rAltmetric",27
"326","2014-09","rAltmetric",43
"327","2014-10","rAltmetric",33
"328","2014-11","rAltmetric",6
"329","2014-02","rAvis",4
"330","2014-03","rAvis",29
"331","2014-04","rAvis",26
"332","2014-05","rAvis",36
"333","2014-06","rAvis",30
"334","2014-07","rAvis",33
"335","2014-08","rAvis",34
"336","2014-09","rAvis",46
"337","2014-10","rAvis",43
"338","2014-11","rAvis",5
"339","2013-03","rbefdata",3
"340","2013-04","rbefdata",20
"341","2013-05","rbefdata",15
"342","2013-06","rbefdata",25
"343","2013-07","rbefdata",20
"344","2013-08","rbefdata",22
"345","2013-09","rbefdata",25
"346","2013-10","rbefdata",24
"347","2013-11","rbefdata",18
"348","2013-12","rbefdata",8
"349","2013-13","rbefdata",33
"350","2013-14","rbefdata",20
"351","2013-15","rbefdata",34
"352","2013-16","rbefdata",36
"353","2013-17","rbefdata",22
"354","2013-18","rbefdata",17
"355","2013-19","rbefdata",17
"356","2013-20","rbefdata",25
"357","2013-21","rbefdata",24
"358","2013-22","rbefdata",31
"359","2013-23","rbefdata",39
"360","2013-24","rbefdata",38
"361","2013-25","rbefdata",40
"362","2013-26","rbefdata",20
"363","2013-27","rbefdata",27
"364","2013-28","rbefdata",25
"365","2013-29","rbefdata",35
"366","2013-30","rbefdata",26
"367","2013-31","rbefdata",20
"368","2013-32","rbefdata",47
"369","2013-33","rbefdata",18
"370","2013-34","rbefdata",49
"371","2013-35","rbefdata",42
"372","2013-36","rbefdata",35
"373","2013-37","rbefdata",40
"374","2013-38","rbefdata",37
"375","2013-39","rbefdata",36
"376","2013-40","rbefdata",43
"377","2013-41","rbefdata",42
"378","2013-42","rbefdata",44
"379","2013-43","rbefdata",30
"380","2013-44","rbefdata",41
"381","2013-45","rbefdata",32
"382","2013-46","rbefdata",55
"383","2013-47","rbefdata",40
"384","2013-48","rbefdata",41
"385","2013-49","rbefdata",42
"386","2013-50","rbefdata",28
"387","2013-51","rbefdata",19
"388","2013-52","rbefdata",4
"389","2014-00","rbefdata",7
"390","2014-01","rbefdata",77
"391","2014-02","rbefdata",63
"392","2014-03","rbefdata",23
"393","2014-04","rbefdata",23
"394","2014-05","rbefdata",31
"395","2014-06","rbefdata",29
"396","2014-07","rbefdata",39
"397","2014-08","rbefdata",27
"398","2014-09","rbefdata",43
"399","2014-10","rbefdata",33
"400","2014-11","rbefdata",6
"401","2014-02","rbhl",3
"402","2014-03","rbhl",26
"403","2014-04","rbhl",22
"404","2014-05","rbhl",32
"405","2014-06","rbhl",27
"406","2014-07","rbhl",27
"407","2014-08","rbhl",24
"408","2014-09","rbhl",44
"409","2014-10","rbhl",32
"410","2014-11","rbhl",6
"411","2013-48","rbison",22
"412","2013-49","rbison",39
"413","2013-50","rbison",28
"414","2013-51","rbison",18
"415","2013-52","rbison",3
"416","2014-00","rbison",8
"417","2014-01","rbison",70
"418","2014-02","rbison",57
"419","2014-03","rbison",22
"420","2014-04","rbison",23
"421","2014-05","rbison",46
"422","2014-06","rbison",44
"423","2014-07","rbison",66
"424","2014-08","rbison",51
"425","2014-09","rbison",61
"426","2014-10","rbison",55
"427","2014-11","rbison",9
"428","2012-40","rdryad",1
"429","2012-41","rdryad",1
"430","2012-42","rdryad",2
"431","2012-44","rdryad",10
"432","2012-45","rdryad",3
"433","2012-46","rdryad",8
"434","2012-47","rdryad",12
"435","2012-48","rdryad",15
"436","2012-49","rdryad",12
"437","2012-50","rdryad",18
"438","2012-51","rdryad",9
"439","2012-52","rdryad",5
"440","2013-00","rdryad",10
"441","2013-01","rdryad",15
"442","2013-02","rdryad",15
"443","2013-03","rdryad",17
"444","2013-04","rdryad",26
"445","2013-05","rdryad",20
"446","2013-06","rdryad",27
"447","2013-07","rdryad",21
"448","2013-08","rdryad",20
"449","2013-09","rdryad",27
"450","2013-10","rdryad",26
"451","2013-11","rdryad",21
"452","2013-12","rdryad",14
"453","2013-13","rdryad",33
"454","2013-14","rdryad",22
"455","2013-15","rdryad",29
"456","2013-16","rdryad",23
"457","2013-17","rdryad",16
"458","2013-18","rdryad",16
"459","2013-19","rdryad",17
"460","2013-20","rdryad",29
"461","2013-21","rdryad",28
"462","2013-22","rdryad",28
"463","2013-23","rdryad",17
"464","2013-24","rdryad",19
"465","2013-25","rdryad",34
"466","2013-26","rdryad",14
"467","2013-27","rdryad",19
"468","2013-28","rdryad",19
"469","2013-29","rdryad",28
"470","2013-30","rdryad",18
"471","2013-31","rdryad",22
"472","2013-32","rdryad",41
"473","2013-33","rdryad",13
"474","2013-34","rdryad",25
"475","2013-35","rdryad",28
"476","2013-36","rdryad",31
"477","2013-37","rdryad",37
"478","2013-38","rdryad",33
"479","2013-39","rdryad",29
"480","2013-40","rdryad",37
"481","2013-41","rdryad",36
"482","2013-42","rdryad",38
"483","2013-43","rdryad",27
"484","2013-44","rdryad",39
"485","2013-45","rdryad",26
"486","2013-46","rdryad",29
"487","2013-47","rdryad",20
"488","2013-48","rdryad",28
"489","2013-49","rdryad",35
"490","2013-50","rdryad",21
"491","2013-51","rdryad",18
"492","2013-52","rdryad",2
"493","2014-00","rdryad",8
"494","2014-01","rdryad",69
"495","2014-02","rdryad",58
"496","2014-03","rdryad",18
"497","2014-04","rdryad",23
"498","2014-05","rdryad",31
"499","2014-06","rdryad",25
"500","2014-07","rdryad",28
"501","2014-08","rdryad",27
"502","2014-09","rdryad",39
"503","2014-10","rdryad",29
"504","2014-11","rdryad",6
"505","2012-42","rebird",2
"506","2012-44","rebird",10
"507","2012-45","rebird",4
"508","2012-46","rebird",9
"509","2012-47","rebird",12
"510","2012-48","rebird",15
"511","2012-49","rebird",11
"512","2012-50","rebird",16
"513","2012-51","rebird",7
"514","2012-52","rebird",5
"515","2013-00","rebird",9
"516","2013-01","rebird",16
"517","2013-02","rebird",14
"518","2013-03","rebird",17
"519","2013-04","rebird",18
"520","2013-05","rebird",13
"521","2013-06","rebird",24
"522","2013-07","rebird",18
"523","2013-08","rebird",20
"524","2013-09","rebird",21
"525","2013-10","rebird",25
"526","2013-11","rebird",18
"527","2013-12","rebird",7
"528","2013-13","rebird",32
"529","2013-14","rebird",20
"530","2013-15","rebird",29
"531","2013-16","rebird",22
"532","2013-17","rebird",16
"533","2013-18","rebird",16
"534","2013-19","rebird",16
"535","2013-20","rebird",26
"536","2013-21","rebird",25
"537","2013-22","rebird",26
"538","2013-23","rebird",18
"539","2013-24","rebird",18
"540","2013-25","rebird",21
"541","2013-26","rebird",15
"542","2013-27","rebird",19
"543","2013-28","rebird",21
"544","2013-29","rebird",27
"545","2013-30","rebird",19
"546","2013-31","rebird",19
"547","2013-32","rebird",40
"548","2013-33","rebird",12
"549","2013-34","rebird",23
"550","2013-35","rebird",27
"551","2013-36","rebird",30
"552","2013-37","rebird",34
"553","2013-38","rebird",31
"554","2013-39","rebird",39
"555","2013-40","rebird",34
"556","2013-41","rebird",31
"557","2013-42","rebird",32
"558","2013-43","rebird",21
"559","2013-44","rebird",35
"560","2013-45","rebird",29
"561","2013-46","rebird",27
"562","2013-47","rebird",25
"563","2013-48","rebird",35
"564","2013-49","rebird",37
"565","2013-50","rebird",22
"566","2013-51","rebird",21
"567","2013-52","rebird",2
"568","2014-00","rebird",8
"569","2014-01","rebird",76
"570","2014-02","rebird",68
"571","2014-03","rebird",22
"572","2014-04","rebird",23
"573","2014-05","rebird",43
"574","2014-06","rebird",35
"575","2014-07","rebird",44
"576","2014-08","rebird",34
"577","2014-09","rebird",87
"578","2014-10","rebird",83
"579","2014-11","rebird",14
"580","2012-42","rentrez",2
"581","2012-44","rentrez",9
"582","2012-45","rentrez",4
"583","2012-46","rentrez",10
"584","2012-47","rentrez",12
"585","2012-48","rentrez",15
"586","2012-49","rentrez",11
"587","2012-50","rentrez",20
"588","2012-51","rentrez",7
"589","2012-52","rentrez",5
"590","2013-00","rentrez",9
"591","2013-01","rentrez",17
"592","2013-02","rentrez",14
"593","2013-03","rentrez",17
"594","2013-04","rentrez",20
"595","2013-05","rentrez",14
"596","2013-06","rentrez",24
"597","2013-07","rentrez",17
"598","2013-08","rentrez",21
"599","2013-09","rentrez",24
"600","2013-10","rentrez",29
"601","2013-11","rentrez",18
"602","2013-12","rentrez",7
"603","2013-13","rentrez",32
"604","2013-14","rentrez",24
"605","2013-15","rentrez",28
"606","2013-16","rentrez",22
"607","2013-17","rentrez",18
"608","2013-18","rentrez",14
"609","2013-19","rentrez",17
"610","2013-20","rentrez",28
"611","2013-21","rentrez",33
"612","2013-22","rentrez",26
"613","2013-23","rentrez",20
"614","2013-24","rentrez",17
"615","2013-25","rentrez",25
"616","2013-26","rentrez",16
"617","2013-27","rentrez",21
"618","2013-28","rentrez",24
"619","2013-29","rentrez",28
"620","2013-30","rentrez",19
"621","2013-31","rentrez",21
"622","2013-32","rentrez",42
"623","2013-33","rentrez",12
"624","2013-34","rentrez",24
"625","2013-35","rentrez",26
"626","2013-36","rentrez",31
"627","2013-37","rentrez",35
"628","2013-38","rentrez",36
"629","2013-39","rentrez",30
"630","2013-40","rentrez",38
"631","2013-41","rentrez",36
"632","2013-42","rentrez",41
"633","2013-43","rentrez",29
"634","2013-44","rentrez",47
"635","2013-45","rentrez",32
"636","2013-46","rentrez",26
"637","2013-47","rentrez",29
"638","2013-48","rentrez",30
"639","2013-49","rentrez",38
"640","2013-50","rentrez",25
"641","2013-51","rentrez",21
"642","2013-52","rentrez",2
"643","2014-00","rentrez",8
"644","2014-01","rentrez",74
"645","2014-02","rentrez",60
"646","2014-03","rentrez",22
"647","2014-04","rentrez",21
"648","2014-05","rentrez",39
"649","2014-06","rentrez",33
"650","2014-07","rentrez",34
"651","2014-08","rentrez",30
"652","2014-09","rentrez",90
"653","2014-10","rentrez",76
"654","2014-11","rentrez",10
"655","2012-45","rfigshare",3
"656","2012-46","rfigshare",9
"657","2012-47","rfigshare",12
"658","2012-48","rfigshare",14
"659","2012-49","rfigshare",8
"660","2012-50","rfigshare",16
"661","2012-51","rfigshare",6
"662","2012-52","rfigshare",5
"663","2013-00","rfigshare",9
"664","2013-01","rfigshare",17
"665","2013-02","rfigshare",14
"666","2013-03","rfigshare",16
"667","2013-04","rfigshare",36
"668","2013-05","rfigshare",21
"669","2013-06","rfigshare",24
"670","2013-07","rfigshare",30
"671","2013-08","rfigshare",20
"672","2013-09","rfigshare",28
"673","2013-10","rfigshare",32
"674","2013-11","rfigshare",17
"675","2013-12","rfigshare",10
"676","2013-13","rfigshare",34
"677","2013-14","rfigshare",20
"678","2013-15","rfigshare",28
"679","2013-16","rfigshare",21
"680","2013-17","rfigshare",16
"681","2013-18","rfigshare",16
"682","2013-19","rfigshare",15
"683","2013-20","rfigshare",26
"684","2013-21","rfigshare",29
"685","2013-22","rfigshare",25
"686","2013-23","rfigshare",19
"687","2013-24","rfigshare",16
"688","2013-25","rfigshare",23
"689","2013-26","rfigshare",15
"690","2013-27","rfigshare",22
"691","2013-28","rfigshare",19
"692","2013-29","rfigshare",33
"693","2013-30","rfigshare",21
"694","2013-31","rfigshare",19
"695","2013-32","rfigshare",42
"696","2013-33","rfigshare",12
"697","2013-34","rfigshare",24
"698","2013-35","rfigshare",28
"699","2013-36","rfigshare",29
"700","2013-37","rfigshare",32
"701","2013-38","rfigshare",35
"702","2013-39","rfigshare",29
"703","2013-40","rfigshare",36
"704","2013-41","rfigshare",36
"705","2013-42","rfigshare",43
"706","2013-43","rfigshare",31
"707","2013-44","rfigshare",48
"708","2013-45","rfigshare",32
"709","2013-46","rfigshare",24
"710","2013-47","rfigshare",25
"711","2013-48","rfigshare",31
"712","2013-49","rfigshare",35
"713","2013-50","rfigshare",22
"714","2013-51","rfigshare",21
"715","2013-52","rfigshare",3
"716","2014-00","rfigshare",8
"717","2014-01","rfigshare",74
"718","2014-02","rfigshare",67
"719","2014-03","rfigshare",34
"720","2014-04","rfigshare",38
"721","2014-05","rfigshare",36
"722","2014-06","rfigshare",34
"723","2014-07","rfigshare",36
"724","2014-08","rfigshare",26
"725","2014-09","rfigshare",37
"726","2014-10","rfigshare",30
"727","2014-11","rfigshare",6
"728","2012-41","rfishbase",1
"729","2012-42","rfishbase",2
"730","2012-44","rfishbase",9
"731","2012-45","rfishbase",4
"732","2012-46","rfishbase",13
"733","2012-47","rfishbase",12
"734","2012-48","rfishbase",15
"735","2012-49","rfishbase",10
"736","2012-50","rfishbase",16
"737","2012-51","rfishbase",10
"738","2012-52","rfishbase",5
"739","2013-00","rfishbase",10
"740","2013-01","rfishbase",18
"741","2013-02","rfishbase",14
"742","2013-03","rfishbase",19
"743","2013-04","rfishbase",21
"744","2013-05","rfishbase",13
"745","2013-06","rfishbase",28
"746","2013-07","rfishbase",35
"747","2013-08","rfishbase",27
"748","2013-09","rfishbase",32
"749","2013-10","rfishbase",51
"750","2013-11","rfishbase",29
"751","2013-12","rfishbase",18
"752","2013-13","rfishbase",37
"753","2013-14","rfishbase",27
"754","2013-15","rfishbase",28
"755","2013-16","rfishbase",25
"756","2013-17","rfishbase",18
"757","2013-18","rfishbase",15
"758","2013-19","rfishbase",16
"759","2013-20","rfishbase",31
"760","2013-21","rfishbase",35
"761","2013-22","rfishbase",30
"762","2013-23","rfishbase",18
"763","2013-24","rfishbase",17
"764","2013-25","rfishbase",26
"765","2013-26","rfishbase",15
"766","2013-27","rfishbase",21
"767","2013-28","rfishbase",21
"768","2013-29","rfishbase",34
"769","2013-30","rfishbase",27
"770","2013-31","rfishbase",37
"771","2013-32","rfishbase",61
"772","2013-33","rfishbase",12
"773","2013-34","rfishbase",23
"774","2013-35","rfishbase",26
"775","2013-36","rfishbase",34
"776","2013-37","rfishbase",35
"777","2013-38","rfishbase",33
"778","2013-39","rfishbase",32
"779","2013-40","rfishbase",45
"780","2013-41","rfishbase",39
"781","2013-42","rfishbase",46
"782","2013-43","rfishbase",28
"783","2013-44","rfishbase",50
"784","2013-45","rfishbase",34
"785","2013-46","rfishbase",31
"786","2013-47","rfishbase",29
"787","2013-48","rfishbase",38
"788","2013-49","rfishbase",50
"789","2013-50","rfishbase",23
"790","2013-51","rfishbase",21
"791","2013-52","rfishbase",2
"792","2014-00","rfishbase",8
"793","2014-01","rfishbase",97
"794","2014-02","rfishbase",93
"795","2014-03","rfishbase",50
"796","2014-04","rfishbase",33
"797","2014-05","rfishbase",55
"798","2014-06","rfishbase",40
"799","2014-07","rfishbase",50
"800","2014-08","rfishbase",38
"801","2014-09","rfishbase",58
"802","2014-10","rfishbase",45
"803","2014-11","rfishbase",8
"804","2013-21","rfisheries",12
"805","2013-22","rfisheries",27
"806","2013-23","rfisheries",17
"807","2013-24","rfisheries",17
"808","2013-25","rfisheries",22
"809","2013-26","rfisheries",13
"810","2013-27","rfisheries",22
"811","2013-28","rfisheries",17
"812","2013-29","rfisheries",30
"813","2013-30","rfisheries",32
"814","2013-31","rfisheries",35
"815","2013-32","rfisheries",49
"816","2013-33","rfisheries",17
"817","2013-34","rfisheries",29
"818","2013-35","rfisheries",31
"819","2013-36","rfisheries",31
"820","2013-37","rfisheries",29
"821","2013-38","rfisheries",31
"822","2013-39","rfisheries",28
"823","2013-40","rfisheries",35
"824","2013-41","rfisheries",29
"825","2013-42","rfisheries",37
"826","2013-43","rfisheries",20
"827","2013-44","rfisheries",35
"828","2013-45","rfisheries",57
"829","2013-46","rfisheries",51
"830","2013-47","rfisheries",37
"831","2013-48","rfisheries",32
"832","2013-49","rfisheries",64
"833","2013-50","rfisheries",35
"834","2013-51","rfisheries",29
"835","2013-52","rfisheries",3
"836","2014-00","rfisheries",14
"837","2014-01","rfisheries",78
"838","2014-02","rfisheries",63
"839","2014-03","rfisheries",31
"840","2014-04","rfisheries",31
"841","2014-05","rfisheries",42
"842","2014-06","rfisheries",35
"843","2014-07","rfisheries",81
"844","2014-08","rfisheries",64
"845","2014-09","rfisheries",65
"846","2014-10","rfisheries",51
"847","2014-11","rfisheries",8
"848","2013-45","rgauges",17
"849","2013-46","rgauges",27
"850","2013-47","rgauges",24
"851","2013-48","rgauges",29
"852","2013-49","rgauges",36
"853","2013-50","rgauges",22
"854","2013-51","rgauges",21
"855","2013-52","rgauges",2
"856","2014-00","rgauges",10
"857","2014-01","rgauges",72
"858","2014-02","rgauges",58
"859","2014-03","rgauges",20
"860","2014-04","rgauges",23
"861","2014-05","rgauges",38
"862","2014-06","rgauges",28
"863","2014-07","rgauges",30
"864","2014-08","rgauges",28
"865","2014-09","rgauges",41
"866","2014-10","rgauges",49
"867","2014-11","rgauges",13
"868","2012-40","rgbif",1
"869","2012-41","rgbif",1
"870","2012-42","rgbif",2
"871","2012-44","rgbif",11
"872","2012-45","rgbif",4
"873","2012-46","rgbif",12
"874","2012-47","rgbif",18
"875","2012-48","rgbif",16
"876","2012-49","rgbif",19
"877","2012-50","rgbif",25
"878","2012-51","rgbif",16
"879","2012-52","rgbif",7
"880","2013-00","rgbif",11
"881","2013-01","rgbif",22
"882","2013-02","rgbif",24
"883","2013-03","rgbif",20
"884","2013-04","rgbif",25
"885","2013-05","rgbif",18
"886","2013-06","rgbif",34
"887","2013-07","rgbif",22
"888","2013-08","rgbif",27
"889","2013-09","rgbif",51
"890","2013-10","rgbif",37
"891","2013-11","rgbif",27
"892","2013-12","rgbif",22
"893","2013-13","rgbif",42
"894","2013-14","rgbif",34
"895","2013-15","rgbif",33
"896","2013-16","rgbif",37
"897","2013-17","rgbif",24
"898","2013-18","rgbif",23
"899","2013-19","rgbif",28
"900","2013-20","rgbif",40
"901","2013-21","rgbif",38
"902","2013-22","rgbif",33
"903","2013-23","rgbif",23
"904","2013-24","rgbif",29
"905","2013-25","rgbif",37
"906","2013-26","rgbif",18
"907","2013-27","rgbif",26
"908","2013-28","rgbif",42
"909","2013-29","rgbif",62
"910","2013-30","rgbif",53
"911","2013-31","rgbif",32
"912","2013-32","rgbif",53
"913","2013-33","rgbif",23
"914","2013-34","rgbif",41
"915","2013-35","rgbif",33
"916","2013-36","rgbif",43
"917","2013-37","rgbif",47
"918","2013-38","rgbif",45
"919","2013-39","rgbif",44
"920","2013-40","rgbif",49
"921","2013-41","rgbif",44
"922","2013-42","rgbif",56
"923","2013-43","rgbif",37
"924","2013-44","rgbif",62
"925","2013-45","rgbif",59
"926","2013-46","rgbif",69
"927","2013-47","rgbif",83
"928","2013-48","rgbif",76
"929","2013-49","rgbif",66
"930","2013-50","rgbif",57
"931","2013-51","rgbif",39
"932","2013-52","rgbif",7
"933","2014-00","rgbif",17
"934","2014-01","rgbif",108
"935","2014-02","rgbif",81
"936","2014-03","rgbif",52
"937","2014-04","rgbif",46
"938","2014-05","rgbif",52
"939","2014-06","rgbif",63
"940","2014-07","rgbif",145
"941","2014-08","rgbif",95
"942","2014-09","rgbif",145
"943","2014-10","rgbif",134
"944","2014-11","rgbif",19
"945","2012-46","rImpactStory",8
"946","2012-47","rImpactStory",12
"947","2012-48","rImpactStory",15
"948","2012-49","rImpactStory",11
"949","2012-50","rImpactStory",18
"950","2012-51","rImpactStory",9
"951","2012-52","rImpactStory",8
"952","2013-00","rImpactStory",10
"953","2013-01","rImpactStory",15
"954","2013-02","rImpactStory",16
"955","2013-03","rImpactStory",16
"956","2013-04","rImpactStory",18
"957","2013-05","rImpactStory",15
"958","2013-06","rImpactStory",24
"959","2013-07","rImpactStory",16
"960","2013-08","rImpactStory",19
"961","2013-09","rImpactStory",21
"962","2013-10","rImpactStory",30
"963","2013-11","rImpactStory",18
"964","2013-12","rImpactStory",7
"965","2013-13","rImpactStory",32
"966","2013-14","rImpactStory",20
"967","2013-15","rImpactStory",31
"968","2013-16","rImpactStory",23
"969","2013-17","rImpactStory",16
"970","2013-18","rImpactStory",15
"971","2013-19","rImpactStory",16
"972","2013-20","rImpactStory",25
"973","2013-21","rImpactStory",27
"974","2013-22","rImpactStory",27
"975","2013-23","rImpactStory",18
"976","2013-24","rImpactStory",18
"977","2013-25","rImpactStory",21
"978","2013-26","rImpactStory",14
"979","2013-27","rImpactStory",20
"980","2013-28","rImpactStory",21
"981","2013-29","rImpactStory",35
"982","2013-30","rImpactStory",19
"983","2013-31","rImpactStory",19
"984","2013-32","rImpactStory",41
"985","2013-33","rImpactStory",13
"986","2013-34","rImpactStory",25
"987","2013-35","rImpactStory",27
"988","2013-36","rImpactStory",31
"989","2013-37","rImpactStory",33
"990","2013-38","rImpactStory",33
"991","2013-39","rImpactStory",27
"992","2013-40","rImpactStory",40
"993","2013-41","rImpactStory",19
"994","2013-42","rImpactStory",2
"995","2013-43","rImpactStory",3
"996","2013-44","rImpactStory",2
"997","2013-45","rImpactStory",2
"998","2013-46","rImpactStory",4
"999","2013-47","rImpactStory",3
"1000","2013-48","rImpactStory",2
"1001","2013-49","rImpactStory",7
"1002","2013-50","rImpactStory",2
"1003","2013-51","rImpactStory",3
"1004","2013-52","rImpactStory",1
"1005","2014-00","rImpactStory",1
"1006","2014-01","rImpactStory",10
"1007","2014-02","rImpactStory",9
"1008","2014-03","rImpactStory",3
"1009","2014-04","rImpactStory",6
"1010","2014-05","rImpactStory",7
"1011","2014-06","rImpactStory",3
"1012","2014-07","rImpactStory",2
"1013","2014-08","rImpactStory",3
"1014","2014-09","rImpactStory",3
"1015","2014-10","rImpactStory",2
"1016","2013-49","rinat",3
"1017","2013-50","rinat",25
"1018","2013-51","rinat",20
"1019","2013-52","rinat",3
"1020","2014-00","rinat",10
"1021","2014-01","rinat",69
"1022","2014-02","rinat",57
"1023","2014-03","rinat",21
"1024","2014-04","rinat",22
"1025","2014-05","rinat",32
"1026","2014-06","rinat",31
"1027","2014-07","rinat",36
"1028","2014-08","rinat",28
"1029","2014-09","rinat",46
"1030","2014-10","rinat",42
"1031","2014-11","rinat",9
"1032","2012-42","ritis",2
"1033","2012-44","ritis",10
"1034","2012-45","ritis",4
"1035","2012-46","ritis",14
"1036","2012-47","ritis",12
"1037","2012-48","ritis",16
"1038","2012-49","ritis",16
"1039","2012-50","ritis",25
"1040","2012-51","ritis",19
"1041","2012-52","ritis",10
"1042","2013-00","ritis",9
"1043","2013-01","ritis",19
"1044","2013-02","ritis",23
"1045","2013-03","ritis",22
"1046","2013-04","ritis",22
"1047","2013-05","ritis",13
"1048","2013-06","ritis",19
"1049","2014-01","ritis",1
"1050","2012-41","RMendeley",1
"1051","2012-42","RMendeley",2
"1052","2012-44","RMendeley",9
"1053","2012-45","RMendeley",4
"1054","2012-46","RMendeley",10
"1055","2012-47","RMendeley",13
"1056","2012-48","RMendeley",17
"1057","2012-49","RMendeley",11
"1058","2012-50","RMendeley",17
"1059","2012-51","RMendeley",11
"1060","2012-52","RMendeley",5
"1061","2013-00","RMendeley",9
"1062","2013-01","RMendeley",14
"1063","2013-02","RMendeley",15
"1064","2013-03","RMendeley",19
"1065","2013-04","RMendeley",19
"1066","2013-05","RMendeley",17
"1067","2013-06","RMendeley",25
"1068","2013-07","RMendeley",19
"1069","2013-08","RMendeley",22
"1070","2013-09","RMendeley",23
"1071","2013-10","RMendeley",48
"1072","2013-11","RMendeley",18
"1073","2013-12","RMendeley",9
"1074","2013-13","RMendeley",39
"1075","2013-14","RMendeley",24
"1076","2013-15","RMendeley",31
"1077","2013-16","RMendeley",27
"1078","2013-17","RMendeley",20
"1079","2013-18","RMendeley",17
"1080","2013-19","RMendeley",18
"1081","2013-20","RMendeley",27
"1082","2013-21","RMendeley",35
"1083","2013-22","RMendeley",33
"1084","2013-23","RMendeley",21
"1085","2013-24","RMendeley",21
"1086","2013-25","RMendeley",23
"1087","2013-26","RMendeley",15
"1088","2013-27","RMendeley",26
"1089","2013-28","RMendeley",22
"1090","2013-29","RMendeley",32
"1091","2013-30","RMendeley",24
"1092","2013-31","RMendeley",39
"1093","2013-32","RMendeley",62
"1094","2013-33","RMendeley",16
"1095","2013-34","RMendeley",27
"1096","2013-35","RMendeley",32
"1097","2013-36","RMendeley",34
"1098","2013-37","RMendeley",32
"1099","2013-38","RMendeley",34
"1100","2013-39","RMendeley",29
"1101","2013-40","RMendeley",38
"1102","2013-41","RMendeley",33
"1103","2013-42","RMendeley",36
"1104","2013-43","RMendeley",30
"1105","2013-44","RMendeley",39
"1106","2013-45","RMendeley",34
"1107","2013-46","RMendeley",29
"1108","2013-47","RMendeley",36
"1109","2013-48","RMendeley",38
"1110","2013-49","RMendeley",41
"1111","2013-50","RMendeley",28
"1112","2013-51","RMendeley",23
"1113","2013-52","RMendeley",2
"1114","2014-00","RMendeley",12
"1115","2014-01","RMendeley",77
"1116","2014-02","RMendeley",61
"1117","2014-03","RMendeley",26
"1118","2014-04","RMendeley",23
"1119","2014-05","RMendeley",45
"1120","2014-06","RMendeley",32
"1121","2014-07","RMendeley",48
"1122","2014-08","RMendeley",29
"1123","2014-09","RMendeley",44
"1124","2014-10","RMendeley",36
"1125","2014-11","RMendeley",5
"1126","2013-31","RMETAR",4
"1127","2013-32","RMETAR",40
"1128","2013-33","RMETAR",21
"1129","2013-34","RMETAR",26
"1130","2013-35","RMETAR",28
"1131","2013-36","RMETAR",30
"1132","2013-37","RMETAR",32
"1133","2013-39","RMETAR",1
"1134","2013-40","RMETAR",1
"1135","2013-41","RMETAR",2
"1136","2013-44","RMETAR",1
"1137","2013-45","RMETAR",1
"1138","2013-48","RMETAR",1
"1139","2013-52","RMETAR",2
"1140","2014-01","RMETAR",2
"1141","2014-02","RMETAR",1
"1142","2014-04","RMETAR",1
"1143","2014-07","RMETAR",2
"1144","2014-09","RMETAR",2
"1145","2014-09","rnoaa",49
"1146","2014-10","rnoaa",46
"1147","2014-11","rnoaa",9
"1148","2012-40","rplos",2
"1149","2012-41","rplos",1
"1150","2012-42","rplos",2
"1151","2012-44","rplos",11
"1152","2012-45","rplos",4
"1153","2012-46","rplos",11
"1154","2012-47","rplos",12
"1155","2012-48","rplos",14
"1156","2012-49","rplos",12
"1157","2012-50","rplos",17
"1158","2012-51","rplos",11
"1159","2012-52","rplos",6
"1160","2013-00","rplos",9
"1161","2013-01","rplos",17
"1162","2013-02","rplos",14
"1163","2013-03","rplos",25
"1164","2013-04","rplos",45
"1165","2013-05","rplos",27
"1166","2013-06","rplos",24
"1167","2013-07","rplos",20
"1168","2013-08","rplos",21
"1169","2013-09","rplos",21
"1170","2013-10","rplos",48
"1171","2013-11","rplos",17
"1172","2013-12","rplos",30
"1173","2013-13","rplos",49
"1174","2013-14","rplos",31
"1175","2013-15","rplos",35
"1176","2013-16","rplos",28
"1177","2013-17","rplos",17
"1178","2013-18","rplos",17
"1179","2013-19","rplos",18
"1180","2013-20","rplos",29
"1181","2013-21","rplos",31
"1182","2013-22","rplos",30
"1183","2013-23","rplos",19
"1184","2013-24","rplos",24
"1185","2013-25","rplos",24
"1186","2013-26","rplos",25
"1187","2013-27","rplos",20
"1188","2013-28","rplos",21
"1189","2013-29","rplos",36
"1190","2013-30","rplos",23
"1191","2013-31","rplos",48
"1192","2013-32","rplos",83
"1193","2013-33","rplos",36
"1194","2013-34","rplos",38
"1195","2013-35","rplos",36
"1196","2013-36","rplos",32
"1197","2013-37","rplos",70
"1198","2013-38","rplos",63
"1199","2013-39","rplos",53
"1200","2013-40","rplos",53
"1201","2013-41","rplos",47
"1202","2013-42","rplos",55
"1203","2013-43","rplos",37
"1204","2013-44","rplos",64
"1205","2013-45","rplos",82
"1206","2013-46","rplos",68
"1207","2013-47","rplos",68
"1208","2013-48","rplos",48
"1209","2013-49","rplos",46
"1210","2013-50","rplos",36
"1211","2013-51","rplos",23
"1212","2013-52","rplos",3
"1213","2014-00","rplos",13
"1214","2014-01","rplos",77
"1215","2014-02","rplos",69
"1216","2014-03","rplos",36
"1217","2014-04","rplos",26
"1218","2014-05","rplos",41
"1219","2014-06","rplos",41
"1220","2014-07","rplos",42
"1221","2014-08","rplos",40
"1222","2014-09","rplos",48
"1223","2014-10","rplos",44
"1224","2014-11","rplos",7
"1225","2012-41","rrdf",1
"1226","2012-42","rrdf",2
"1227","2012-44","rrdf",8
"1228","2012-45","rrdf",3
"1229","2012-46","rrdf",10
"1230","2012-47","rrdf",18
"1231","2012-48","rrdf",14
"1232","2012-49","rrdf",19
"1233","2012-50","rrdf",18
"1234","2012-51","rrdf",11
"1235","2012-52","rrdf",8
"1236","2013-00","rrdf",8
"1237","2013-01","rrdf",21
"1238","2013-02","rrdf",16
"1239","2013-03","rrdf",18
"1240","2013-04","rrdf",19
"1241","2013-05","rrdf",14
"1242","2013-06","rrdf",24
"1243","2013-07","rrdf",15
"1244","2013-08","rrdf",22
"1245","2013-09","rrdf",20
"1246","2013-10","rrdf",51
"1247","2013-11","rrdf",21
"1248","2013-12","rrdf",13
"1249","2013-13","rrdf",37
"1250","2013-14","rrdf",27
"1251","2013-15","rrdf",24
"1252","2013-16","rrdf",23
"1253","2013-17","rrdf",15
"1254","2013-18","rrdf",16
"1255","2013-19","rrdf",24
"1256","2013-20","rrdf",27
"1257","2013-21","rrdf",31
"1258","2013-22","rrdf",31
"1259","2013-23","rrdf",25
"1260","2013-24","rrdf",25
"1261","2013-25","rrdf",25
"1262","2013-26","rrdf",19
"1263","2013-27","rrdf",21
"1264","2013-28","rrdf",20
"1265","2013-29","rrdf",37
"1266","2013-30","rrdf",26
"1267","2013-31","rrdf",43
"1268","2013-32","rrdf",68
"1269","2013-33","rrdf",14
"1270","2013-34","rrdf",24
"1271","2013-35","rrdf",31
"1272","2013-36","rrdf",28
"1273","2013-37","rrdf",36
"1274","2013-38","rrdf",40
"1275","2013-39","rrdf",29
"1276","2013-40","rrdf",36
"1277","2013-41","rrdf",30
"1278","2013-42","rrdf",37
"1279","2013-43","rrdf",19
"1280","2013-44","rrdf",34
"1281","2013-45","rrdf",31
"1282","2013-46","rrdf",29
"1283","2013-47","rrdf",24
"1284","2013-48","rrdf",28
"1285","2013-49","rrdf",45
"1286","2013-50","rrdf",29
"1287","2013-51","rrdf",47
"1288","2013-52","rrdf",11
"1289","2014-00","rrdf",41
"1290","2014-01","rrdf",105
"1291","2014-02","rrdf",85
"1292","2014-03","rrdf",45
"1293","2014-04","rrdf",43
"1294","2014-05","rrdf",56
"1295","2014-06","rrdf",49
"1296","2014-07","rrdf",69
"1297","2014-08","rrdf",52
"1298","2014-09","rrdf",69
"1299","2014-10","rrdf",69
"1300","2014-11","rrdf",7
"1301","2014-10","RSelenium",1
"1302","2014-11","RSelenium",5
"1303","2013-45","rsnps",11
"1304","2013-46","rsnps",25
"1305","2013-47","rsnps",29
"1306","2013-48","rsnps",29
"1307","2013-49","rsnps",37
"1308","2013-50","rsnps",22
"1309","2013-51","rsnps",21
"1310","2013-52","rsnps",2
"1311","2014-00","rsnps",10
"1312","2014-01","rsnps",71
"1313","2014-02","rsnps",58
"1314","2014-03","rsnps",22
"1315","2014-04","rsnps",22
"1316","2014-05","rsnps",36
"1317","2014-06","rsnps",28
"1318","2014-07","rsnps",41
"1319","2014-08","rsnps",52
"1320","2014-09","rsnps",58
"1321","2014-10","rsnps",43
"1322","2014-11","rsnps",6
"1323","2013-32","rtematres",9
"1324","2013-33","rtematres",19
"1325","2013-34","rtematres",28
"1326","2013-35","rtematres",27
"1327","2013-36","rtematres",28
"1328","2013-37","rtematres",30
"1329","2013-38","rtematres",32
"1330","2013-39","rtematres",22
"1331","2013-40","rtematres",37
"1332","2013-41","rtematres",38
"1333","2013-42","rtematres",38
"1334","2013-43","rtematres",26
"1335","2013-44","rtematres",35
"1336","2013-45","rtematres",29
"1337","2013-46","rtematres",31
"1338","2013-47","rtematres",28
"1339","2013-48","rtematres",33
"1340","2013-49","rtematres",34
"1341","2013-50","rtematres",26
"1342","2013-51","rtematres",18
"1343","2013-52","rtematres",4
"1344","2014-00","rtematres",6
"1345","2014-01","rtematres",74
"1346","2014-02","rtematres",61
"1347","2014-03","rtematres",18
"1348","2014-04","rtematres",24
"1349","2014-05","rtematres",31
"1350","2014-06","rtematres",30
"1351","2014-07","rtematres",29
"1352","2014-08","rtematres",27
"1353","2014-09","rtematres",40
"1354","2014-10","rtematres",29
"1355","2014-11","rtematres",5
"1356","2012-47","rvertnet",1
"1357","2012-48","rvertnet",15
"1358","2012-49","rvertnet",13
"1359","2012-50","rvertnet",18
"1360","2012-51","rvertnet",9
"1361","2012-52","rvertnet",6
"1362","2013-00","rvertnet",9
"1363","2013-01","rvertnet",19
"1364","2013-02","rvertnet",15
"1365","2013-03","rvertnet",17
"1366","2013-04","rvertnet",21
"1367","2013-05","rvertnet",15
"1368","2013-06","rvertnet",22
"1369","2013-07","rvertnet",16
"1370","2013-08","rvertnet",20
"1371","2013-09","rvertnet",21
"1372","2013-10","rvertnet",27
"1373","2013-11","rvertnet",17
"1374","2013-12","rvertnet",10
"1375","2013-13","rvertnet",36
"1376","2013-14","rvertnet",23
"1377","2013-15","rvertnet",28
"1378","2013-16","rvertnet",20
"1379","2013-17","rvertnet",19
"1380","2013-18","rvertnet",16
"1381","2013-19","rvertnet",16
"1382","2013-20","rvertnet",26
"1383","2013-21","rvertnet",26
"1384","2013-22","rvertnet",25
"1385","2013-23","rvertnet",18
"1386","2013-24","rvertnet",18
"1387","2013-25","rvertnet",27
"1388","2013-26","rvertnet",15
"1389","2013-27","rvertnet",22
"1390","2013-28","rvertnet",20
"1391","2013-29","rvertnet",33
"1392","2013-30","rvertnet",19
"1393","2013-31","rvertnet",20
"1394","2013-32","rvertnet",40
"1395","2013-33","rvertnet",13
"1396","2013-34","rvertnet",25
"1397","2013-35","rvertnet",25
"1398","2013-36","rvertnet",25
"1399","2013-37","rvertnet",36
"1400","2013-38","rvertnet",32
"1401","2013-39","rvertnet",26
"1402","2013-40","rvertnet",35
"1403","2013-41","rvertnet",30
"1404","2013-42","rvertnet",37
"1405","2013-43","rvertnet",23
"1406","2013-44","rvertnet",34
"1407","2013-45","rvertnet",42
"1408","2013-46","rvertnet",24
"1409","2013-47","rvertnet",27
"1410","2013-48","rvertnet",28
"1411","2013-49","rvertnet",35
"1412","2013-50","rvertnet",22
"1413","2013-51","rvertnet",23
"1414","2013-52","rvertnet",2
"1415","2014-00","rvertnet",8
"1416","2014-01","rvertnet",72
"1417","2014-02","rvertnet",58
"1418","2014-03","rvertnet",22
"1419","2014-04","rvertnet",22
"1420","2014-05","rvertnet",39
"1421","2014-06","rvertnet",30
"1422","2014-07","rvertnet",33
"1423","2014-08","rvertnet",24
"1424","2014-09","rvertnet",43
"1425","2014-10","rvertnet",32
"1426","2014-11","rvertnet",5
"1427","2014-00","solr",8
"1428","2014-01","solr",69
"1429","2014-02","solr",51
"1430","2014-03","solr",18
"1431","2014-04","solr",27
"1432","2014-05","solr",33
"1433","2014-06","solr",28
"1434","2014-07","solr",43
"1435","2014-08","solr",37
"1436","2014-09","solr",44
"1437","2014-10","solr",47
"1438","2014-11","solr",10
"1439","2014-09","spocc",32
"1440","2014-10","spocc",44
"1441","2014-11","spocc",6
"1442","2012-49","taxize",5
"1443","2012-50","taxize",23
"1444","2012-51","taxize",16
"1445","2012-52","taxize",6
"1446","2013-00","taxize",9
"1447","2013-01","taxize",15
"1448","2013-02","taxize",17
"1449","2013-03","taxize",24
"1450","2013-04","taxize",25
"1451","2013-05","taxize",17
"1452","2013-06","taxize",27
"1453","2013-07","taxize",26
"1454","2013-08","taxize",29
"1455","2013-09","taxize",28
"1456","2013-10","taxize",31
"1457","2013-11","taxize",20
"1458","2013-12","taxize",11
"1459","2013-13","taxize",39
"1460","2013-14","taxize",25
"1461","2013-15","taxize",28
"1462","2013-16","taxize",26
"1463","2013-17","taxize",16
"1464","2013-18","taxize",19
"1465","2013-19","taxize",18
"1466","2013-20","taxize",31
"1467","2013-21","taxize",34
"1468","2013-22","taxize",29
"1469","2013-23","taxize",17
"1470","2013-24","taxize",17
"1471","2013-25","taxize",23
"1472","2013-26","taxize",17
"1473","2013-27","taxize",20
"1474","2013-28","taxize",21
"1475","2013-29","taxize",33
"1476","2013-30","taxize",41
"1477","2013-31","taxize",39
"1478","2013-32","taxize",56
"1479","2013-33","taxize",18
"1480","2013-34","taxize",26
"1481","2013-35","taxize",36
"1482","2013-36","taxize",32
"1483","2013-37","taxize",42
"1484","2013-38","taxize",39
"1485","2013-39","taxize",36
"1486","2013-40","taxize",44
"1487","2013-41","taxize",44
"1488","2013-42","taxize",47
"1489","2013-43","taxize",73
"1490","2013-44","taxize",97
"1491","2013-45","taxize",58
"1492","2013-46","taxize",84
"1493","2013-47","taxize",68
"1494","2013-48","taxize",63
"1495","2013-49","taxize",58
"1496","2013-50","taxize",50
"1497","2013-51","taxize",40
"1498","2013-52","taxize",12
"1499","2014-00","taxize",34
"1500","2014-01","taxize",114
"1501","2014-02","taxize",69
"1502","2014-03","taxize",51
"1503","2014-04","taxize",40
"1504","2014-05","taxize",61
"1505","2014-06","taxize",56
"1506","2014-07","taxize",122
"1507","2014-08","taxize",106
"1508","2014-09","taxize",137
"1509","2014-10","taxize",115
"1510","2014-11","taxize",11
